time_utc_iso,twl_ft_mllw,tide_ft_mllw,surge_ft,src_time
2026-04-15T00:00:00.000Z,5.549,5.131,0,202604150000
2026-04-15T01:00:00.000Z,5.959,5.507,0,202604150100
2026-04-15T02:00:00.000Z,5.759,5.217,0,202604150200
2026-04-15T03:00:00.000Z,4.798,4.258,0,202604150300
2026-04-15T04:00:00.000Z,3.729,2.971,0,202604150400
2026-04-15T05:00:00.000Z,2.568,1.791,0,202604150500
2026-04-15T06:00:00.000Z,1.469,0.926,0,202604150600
2026-04-15T07:00:00.000Z,0.57,0.354,0,202604150700
2026-04-15T08:00:00.000Z,0.15,0.302,0,202604150800
2026-04-15T09:00:00.000Z,1.19,1.093,0,202604150900
2026-04-15T10:00:00.000Z,2.719,2.472,0,202604151000
2026-04-15T11:00:00.000Z,4.227,3.835,0,202604151100
2026-04-15T12:00:00.000Z,5.369,4.844,0.1,202604151200
2026-04-15T13:00:00.000Z,5.999,5.417,0.1,202604151300
2026-04-15T14:00:00.000Z,6.136,5.39,0.2,202604151400
2026-04-15T15:00:00.000Z,5.487,4.654,0.2,202604151500
2026-04-15T16:00:00.000Z,4.427,3.445,0.2,202604151600
2026-04-15T17:00:00.000Z,3.339,2.2,0.2,202604151700
2026-04-15T18:00:00.000Z,2.118,1.23,0.3,202604151800
2026-04-15T19:00:00.000Z,1.079,0.555,0.3,202604151900
2026-04-15T20:00:00.000Z,0.508,0.259,0.3,202604152000
2026-04-15T21:00:00.000Z,1.229,0.733,0.4,202604152100
2026-04-15T22:00:00.000Z,2.719,2.008,0.4,202604152200
2026-04-15T23:00:00.000Z,4.309,3.531,0.4,202604152300
2026-04-16T00:00:00.000Z,5.53,4.778,0.4,202604160000
2026-04-16T01:00:00.000Z,6.238,5.577,0.4,202604160100
2026-04-16T02:00:00.000Z,6.477,5.807,0.4,202604160200
2026-04-16T03:00:00.000Z,6.038,5.298,0.4,202604160300
2026-04-16T04:00:00.000Z,5.008,4.165,0.4,202604160400
2026-04-16T05:00:00.000Z,3.929,2.815,0.4,202604160500
2026-04-16T06:00:00.000Z,2.709,1.64,0.4,202604160600
2026-04-16T07:00:00.000Z,1.571,0.765,0.4,202604160700
2026-04-16T08:00:00.000Z,0.688,0.178,0.4,202604160800
2026-04-16T09:00:00.000Z,0.488,0.201,0.4,202604160900
2026-04-16T10:00:00.000Z,1.728,1.132,0.4,202604161000
2026-04-16T11:00:00.000Z,3.368,2.61,0.4,202604161100
2026-04-16T12:00:00.000Z,4.818,4.011,0.4,202604161200
2026-04-16T13:00:00.000Z,5.808,5.012,0.4,202604161300
2026-04-16T14:00:00.000Z,6.287,5.503,0.4,202604161400
2026-04-16T15:00:00.000Z,6.248,5.31,0.4,202604161500
2026-04-16T16:00:00.000Z,5.379,4.404,0.4,202604161600
2026-04-16T17:00:00.000Z,4.257,3.116,0.4,202604161700
2026-04-16T18:00:00.000Z,3.099,1.889,0.4,202604161800
2026-04-16T19:00:00.000Z,1.908,0.978,0.5,202604161900
2026-04-16T20:00:00.000Z,0.951,0.37,0.5,202604162000
2026-04-16T21:00:00.000Z,0.659,0.224,0.5,202604162100
2026-04-16T22:00:00.000Z,1.889,0.937,0.5,202604162200
2026-04-16T23:00:00.000Z,3.509,2.417,0.5,202604162300
2026-04-17T00:00:00.000Z,5.067,4.034,0.6,202604170000
2026-04-17T01:00:00.000Z,6.107,5.272,0.6,202604170100
2026-04-17T02:00:00.000Z,6.727,5.968,0.6,202604170200
2026-04-17T03:00:00.000Z,6.897,5.998,0.6,202604170300
2026-04-17T04:00:00.000Z,6.268,5.267,0.6,202604170400
2026-04-17T05:00:00.000Z,5.247,4.002,0.6,202604170500
2026-04-17T06:00:00.000Z,4.07,2.634,0.5,202604170600
2026-04-17T07:00:00.000Z,2.807,1.489,0.5,202604170700
2026-04-17T08:00:00.000Z,1.62,0.617,0.4,202604170800
2026-04-17T09:00:00.000Z,0.678,0.047,0.4,202604170900
2026-04-17T10:00:00.000Z,0.469,0.185,0.3,202604171000
2026-04-17T11:00:00.000Z,1.767,1.261,0.3,202604171100
2026-04-17T12:00:00.000Z,3.388,2.812,0.4,202604171200
2026-04-17T13:00:00.000Z,4.828,4.203,0.4,202604171300
2026-04-17T14:00:00.000Z,5.749,5.139,0.4,202604171400
2026-04-17T15:00:00.000Z,6.179,5.501,0.4,202604171500
2026-04-17T16:00:00.000Z,5.959,5.129,0.4,202604171600
2026-04-17T17:00:00.000Z,4.887,4.088,0.4,202604171700
2026-04-17T18:00:00.000Z,3.768,2.77,0.5,202604171800
2026-04-17T19:00:00.000Z,2.519,1.601,0.5,202604171900
2026-04-17T20:00:00.000Z,1.338,0.77,0.5,202604172000
2026-04-17T21:00:00.000Z,0.419,0.257,0.5,202604172100
2026-04-17T22:00:00.000Z,0.35,0.295,0.6,202604172200
2026-04-17T23:00:00.000Z,1.879,1.249,0.5,202604172300
2026-04-18T00:00:00.000Z,3.637,2.891,0.6,202604180000
2026-04-18T01:00:00.000Z,5.277,4.535,0.6,202604180100
2026-04-18T02:00:00.000Z,6.287,5.695,0.6,202604180200
2026-04-18T03:00:00.000Z,6.848,6.236,0.6,202604180300
2026-04-18T04:00:00.000Z,6.878,6.053,0.6,202604180400
2026-04-18T05:00:00.000Z,6.048,5.138,0.6,202604180500
2026-04-18T06:00:00.000Z,4.979,3.801,0.6,202604180600
2026-04-18T07:00:00.000Z,3.817,2.461,0.6,202604180700
2026-04-18T08:00:00.000Z,2.558,1.366,0.6,202604180800
2026-04-18T09:00:00.000Z,1.4,0.513,0.6,202604180900
2026-04-18T10:00:00.000Z,0.57,-0.007,0.6,202604181000
2026-04-18T11:00:00.000Z,1.02,0.267,0.7,202604181100
2026-04-18T12:00:00.000Z,2.509,1.467,0.7,202604181200
2026-04-18T13:00:00.000Z,4.159,3.037,0.7,202604181300
2026-04-18T14:00:00.000Z,5.487,4.362,0.7,202604181400
2026-04-18T15:00:00.000Z,6.209,5.191,0.7,202604181500
2026-04-18T16:00:00.000Z,6.527,5.407,0.8,202604181600
2026-04-18T17:00:00.000Z,6.149,4.882,0.8,202604181700
2026-04-18T18:00:00.000Z,5.238,3.76,0.8,202604181800
2026-04-18T19:00:00.000Z,4.208,2.463,0.9,202604181900
2026-04-18T20:00:00.000Z,3.03,1.379,0.9,202604182000
2026-04-18T21:00:00.000Z,1.908,0.639,0.9,202604182100
2026-04-18T22:00:00.000Z,1.17,0.238,1,202604182200
2026-04-18T23:00:00.000Z,1.669,0.467,1,202604182300
2026-04-19T00:00:00.000Z,3.188,1.626,1,202604190000
2026-04-19T01:00:00.000Z,4.867,3.357,1.1,202604190100
2026-04-19T02:00:00.000Z,6.159,4.949,1.1,202604190200
2026-04-19T03:00:00.000Z,7.048,5.977,1.1,202604190300
2026-04-19T04:00:00.000Z,7.537,6.344,1.1,202604190400
2026-04-19T05:00:00.000Z,7.478,5.978,1.1,202604190500
2026-04-19T06:00:00.000Z,6.579,4.948,1.1,202604190600
2026-04-19T07:00:00.000Z,5.579,3.606,1,202604190700
2026-04-19T08:00:00.000Z,4.398,2.33,1,202604190800
2026-04-19T09:00:00.000Z,3.138,1.299,1,202604190900
2026-04-19T10:00:00.000Z,1.967,0.477,1,202604191000
2026-04-19T11:00:00.000Z,1.161,0.028,1,202604191100
2026-04-19T12:00:00.000Z,1.489,0.435,0.9,202604191200
2026-04-19T13:00:00.000Z,2.869,1.71,0.9,202604191300
2026-04-19T14:00:00.000Z,4.237,3.236,0.8,202604191400
2026-04-19T15:00:00.000Z,4.998,4.452,0.8,202604191500
2026-04-19T16:00:00.000Z,5.467,5.16,0.6,202604191600
2026-04-19T17:00:00.000Z,5.277,5.25,0.5,202604191700
2026-04-19T18:00:00.000Z,4.349,4.625,0.6,202604191800
2026-04-19T19:00:00.000Z,3.299,3.48,0.5,202604191900
2026-04-19T20:00:00.000Z,2.138,2.239,0.4,202604192000
2026-04-19T21:00:00.000Z,1.02,1.251,0.3,202604192100
2026-04-19T22:00:00.000Z,0.039,0.602,0.3,202604192200
2026-04-19T23:00:00.000Z,-0.308,0.31,0.3,202604192300
2026-04-20T00:00:00.000Z,1.17,0.707,0.4,202604200000
2026-04-20T01:00:00.000Z,3.06,2.002,0.4,202604200100
2026-04-20T02:00:00.000Z,4.808,3.734,0.5,202604200200
2026-04-20T03:00:00.000Z,6.018,5.208,0.5,202604200300
2026-04-20T04:00:00.000Z,6.746,6.08,0.5,202604200400
2026-04-20T05:00:00.000Z,7.078,6.298,0.5,202604200500
2026-04-20T06:00:00.000Z,6.594,5.813,0.5,202604200600
2026-04-20T07:00:00.000Z,5.528,4.745,0.5,202604200700
2026-04-20T08:00:00.000Z,4.237,3.453,0.5,202604200800
2026-04-20T09:00:00.000Z,3.053,2.267,0.5,202604200900
2026-04-20T10:00:00.000Z,2.093,1.306,0.5,202604201000
2026-04-20T11:00:00.000Z,1.31,0.521,0.5,202604201100
2026-04-20T12:00:00.000Z,0.933,0.143,0.5,202604201200
2026-04-20T13:00:00.000Z,1.442,0.651,0.5,202604201300
2026-04-20T14:00:00.000Z,2.632,1.939,0.4,202604201400
2026-04-20T15:00:00.000Z,4.064,3.37,0.4,202604201500
2026-04-20T16:00:00.000Z,5.056,4.46,0.3,202604201600
2026-04-20T17:00:00.000Z,5.664,5.067,0.3,202604201700
2026-04-20T18:00:00.000Z,5.574,5.077,0.2,202604201800
2026-04-20T19:00:00.000Z,4.906,4.409,0.2,202604201900
2026-04-20T20:00:00.000Z,3.686,3.289,0.1,202604202000
2026-04-20T21:00:00.000Z,2.524,2.127,0.1,202604202100
2026-04-20T22:00:00.000Z,1.632,1.235,0.1,202604202200
2026-04-20T23:00:00.000Z,1.056,0.659,0.1,202604202300
2026-04-21T00:00:00.000Z,0.843,0.446,0.1,202604210000
2026-04-21T01:00:00.000Z,1.354,0.957,0.1,202604210100
2026-04-21T02:00:00.000Z,2.703,2.306,0.1,202604210200
2026-04-21T03:00:00.000Z,4.358,3.961,0.1,202604210300
2026-04-21T04:00:00.000Z,5.677,5.28,0.1,202604210400
2026-04-21T05:00:00.000Z,6.411,6.014,0.1,202604210500
2026-04-21T06:00:00.000Z,6.536,6.139,0.1,202604210600
2026-04-21T07:00:00.000Z,6.009,5.612,0.1,202604210700
2026-04-21T08:00:00.000Z,4.97,4.573,0.1,202604210800
2026-04-21T09:00:00.000Z,3.767,3.37,0.1,202604210900
2026-04-21T10:00:00.000Z,2.784,2.287,0.2,202604211000
2026-04-21T11:00:00.000Z,1.886,1.389,0.2,202604211100
2026-04-21T12:00:00.000Z,1.123,0.626,0.2,202604211200
2026-04-21T13:00:00.000Z,0.896,0.299,0.3,202604211300
2026-04-21T14:00:00.000Z,1.458,0.861,0.3,202604211400
2026-04-21T15:00:00.000Z,2.707,2.11,0.3,202604211500
2026-04-21T16:00:00.000Z,4.017,3.42,0.3,202604211600
2026-04-21T17:00:00.000Z,4.996,4.399,0.3,202604211700
2026-04-21T18:00:00.000Z,5.546,4.949,0.3,202604211800
2026-04-21T19:00:00.000Z,5.532,4.935,0.3,202604211900
2026-04-21T20:00:00.000Z,4.975,4.278,0.4,202604212000
2026-04-21T21:00:00.000Z,3.911,3.214,0.4,202604212100
2026-04-21T22:00:00.000Z,2.836,2.139,0.4,202604212200
2026-04-21T23:00:00.000Z,2.121,1.324,0.5,202604212300
2026-04-22T00:00:00.000Z,1.58,0.783,0.5,202604220000
2026-04-22T01:00:00.000Z,1.399,0.602,0.5,202604220100
2026-04-22T02:00:00.000Z,2.057,1.16,0.6,202604220200
2026-04-22T03:00:00.000Z,3.385,2.488,0.6,202604220300
2026-04-22T04:00:00.000Z,4.911,4.014,0.6,202604220400
2026-04-22T05:00:00.000Z,6.175,5.178,0.7,202604220500
2026-04-22T06:00:00.000Z,6.819,5.822,0.7,202604220600
2026-04-22T07:00:00.000Z,6.922,5.925,0.7,202604220700
2026-04-22T08:00:00.000Z,6.421,5.424,0.7,202604220800
2026-04-22T09:00:00.000Z,5.363,4.466,0.6,202604220900
2026-04-22T10:00:00.000Z,4.269,3.372,0.6,202604221000
2026-04-22T11:00:00.000Z,3.28,2.383,0.6,202604221100
2026-04-22T12:00:00.000Z,2.419,1.522,0.6,202604221200
2026-04-22T13:00:00.000Z,1.548,0.751,0.5,202604221300
2026-04-22T14:00:00.000Z,1.24,0.443,0.5,202604221400
2026-04-22T15:00:00.000Z,1.816,1.019,0.5,202604221500
2026-04-22T16:00:00.000Z,2.897,2.2,0.4,202604221600
2026-04-22T17:00:00.000Z,4.091,3.394,0.4,202604221700
2026-04-22T18:00:00.000Z,5.003,4.306,0.4,202604221800
2026-04-22T19:00:00.000Z,5.45,4.853,0.3,202604221900
2026-04-22T20:00:00.000Z,5.46,4.863,0.3,202604222000
2026-04-22T21:00:00.000Z,4.852,4.255,0.3,202604222100
2026-04-22T22:00:00.000Z,3.861,3.264,0.3,202604222200
2026-04-22T23:00:00.000Z,2.961,2.264,0.4,202604222300
2026-04-23T00:00:00.000Z,2.187,1.49,0.4,202604230000
2026-04-23T01:00:00.000Z,1.628,0.931,0.4,202604230100
2026-04-23T02:00:00.000Z,1.422,0.725,0.4,202604230200
2026-04-23T03:00:00.000Z,1.97,1.273,0.4,202604230300
2026-04-23T04:00:00.000Z,3.226,2.529,0.4,202604230400
2026-04-23T05:00:00.000Z,4.606,3.909,0.4,202604230500
2026-04-23T06:00:00.000Z,5.75,4.953,0.5,202604230600
2026-04-23T07:00:00.000Z,6.369,5.572,0.5,202604230700
2026-04-23T08:00:00.000Z,6.511,5.714,0.5,202604230800
2026-04-23T09:00:00.000Z,6.088,5.291,0.5,202604230900
2026-04-23T10:00:00.000Z,5.234,4.437,0.5,202604231000
2026-04-23T11:00:00.000Z,4.241,3.444,0.5,202604231100
2026-04-23T12:00:00.000Z,3.318,2.521,0.5,202604231200
2026-04-23T13:00:00.000Z,2.454,1.657,0.5,202604231300
2026-04-23T14:00:00.000Z,1.639,0.842,0.5,202604231400
2026-04-23T15:00:00.000Z,1.426,0.529,0.6,202604231500
2026-04-23T16:00:00.000Z,1.997,1.1,0.6,202604231600
2026-04-23T17:00:00.000Z,3.108,2.211,0.6,202604231700
2026-04-23T18:00:00.000Z,4.222,3.325,0.6,202604231800
2026-04-23T19:00:00.000Z,5.123,4.226,0.6,202604231900
2026-04-23T20:00:00.000Z,5.716,4.819,0.6,202604232000
2026-04-23T21:00:00.000Z,5.785,4.888,0.6,202604232100
2026-04-23T22:00:00.000Z,5.243,4.346,0.6,202604232200
2026-04-23T23:00:00.000Z,4.319,3.422,0.6,202604232300
2026-04-24T00:00:00.000Z,3.366,2.469,0.6,202604240000
2026-04-24T01:00:00.000Z,2.584,1.687,0.6,202604240100
2026-04-24T02:00:00.000Z,1.95,1.053,0.6,202604240200
2026-04-24T03:00:00.000Z,1.775,0.778,0.7,202604240300
2026-04-24T04:00:00.000Z,2.179,1.282,0.6,202604240400
2026-04-24T05:00:00.000Z,3.343,2.446,0.6,202604240500
2026-04-24T06:00:00.000Z,4.596,3.699,0.6,202604240600
